<?xml version="1.0" encoding="UTF-8"?>
<project xmlns="http://maven.apache.org/POM/4.0.0" xmlns:xsi="http://www.w3.org/2001/XMLSchema-instance" xsi:schemaLocation="http://maven.apache.org/POM/4.0.0 http://maven.apache.org/maven-v4_0_0.xsd">
  <parent>
    <artifactId>maven-example</artifactId>
    <groupId>ru.otus</groupId>
    <version>1.0-SNAPSHOT</version>
  </parent>
  <modelVersion>4.0.0</modelVersion>
  <artifactId>m2-shade</artifactId>
  <name>m2-shade</name>
  <developers>
    <developer>
      <name>Sergey Petrelevich</name>
    </developer>
  </developers>
  <build>
    <finalName>${project.name}</finalName>
    <plugins>
      <plugin>
        <artifactId>maven-shade-plugin</artifactId>
        <executions>
          <execution>
            <phase>package</phase>
            <goals>
              <goal>shade</goal>
            </goals>
            <configuration>
              <transformers>
                <transformer>
                  <mainClass>ru.otus.MainSh</mainClass>
                </transformer>
              </transformers>
            </configuration>
          </execution>
        </executions>
      </plugin>
    </plugins>
  </build>
</project>
